[
{
  "model": "token_blacklist.blacklistedtoken",
  "pk": 1,
  "fields": {
    "token": 1,
    "blacklisted_at": "2026-07-11T05:55:02.641Z"
  }
},
{
  "model": "token_blacklist.blacklistedtoken",
  "pk": 2,
  "fields": {
    "token": 5,
    "blacklisted_at": "2026-07-11T06:22:51.922Z"
  }
},
{
  "model": "token_blacklist.blacklistedtoken",
  "pk": 3,
  "fields": {
    "token": 7,
    "blacklisted_at": "2026-07-11T06:23:21.013Z"
  }
},
{
  "model": "token_blacklist.blacklistedtoken",
  "pk": 4,
  "fields": {
    "token": 9,
    "blacklisted_at": "2026-07-11T06:28:55.434Z"
  }
},
{
  "model": "token_blacklist.blacklistedtoken",
  "pk": 5,
  "fields": {
    "token": 11,
    "blacklisted_at": "2026-07-11T06:30:46.917Z"
  }
},
{
  "model": "token_blacklist.blacklistedtoken",
  "pk": 6,
  "fields": {
    "token": 13,
    "blacklisted_at": "2026-07-11T06:32:28.893Z"
  }
},
{
  "model": "token_blacklist.blacklistedtoken",
  "pk": 7,
  "fields": {
    "token": 15,
    "blacklisted_at": "2026-07-11T06:34:33.742Z"
  }
},
{
  "model": "token_blacklist.blacklistedtoken",
  "pk": 8,
  "fields": {
    "token": 20,
    "blacklisted_at": "2026-07-11T08:15:52.975Z"
  }
},
{
  "model": "token_blacklist.blacklistedtoken",
  "pk": 9,
  "fields": {
    "token": 22,
    "blacklisted_at": "2026-07-11T08:16:16.283Z"
  }
},
{
  "model": "token_blacklist.blacklistedtoken",
  "pk": 10,
  "fields": {
    "token": 24,
    "blacklisted_at": "2026-07-11T08:17:36.466Z"
  }
},
{
  "model": "token_blacklist.blacklistedtoken",
  "pk": 11,
  "fields": {
    "token": 26,
    "blacklisted_at": "2026-07-11T08:20:28.253Z"
  }
},
{
  "model": "token_blacklist.blacklistedtoken",
  "pk": 12,
  "fields": {
    "token": 28,
    "blacklisted_at": "2026-07-11T08:23:45.440Z"
  }
},
{
  "model": "token_blacklist.blacklistedtoken",
  "pk": 13,
  "fields": {
    "token": 30,
    "blacklisted_at": "2026-07-11T08:27:36.314Z"
  }
},
{
  "model": "token_blacklist.blacklistedtoken",
  "pk": 14,
  "fields": {
    "token": 32,
    "blacklisted_at": "2026-07-11T08:30:30.337Z"
  }
},
{
  "model": "token_blacklist.blacklistedtoken",
  "pk": 15,
  "fields": {
    "token": 34,
    "blacklisted_at": "2026-07-11T08:40:55.673Z"
  }
},
{
  "model": "token_blacklist.blacklistedtoken",
  "pk": 16,
  "fields": {
    "token": 38,
    "blacklisted_at": "2026-07-11T08:53:56.274Z"
  }
},
{
  "model": "token_blacklist.blacklistedtoken",
  "pk": 17,
  "fields": {
    "token": 40,
    "blacklisted_at": "2026-07-11T09:14:08.564Z"
  }
},
{
  "model": "token_blacklist.blacklistedtoken",
  "pk": 18,
  "fields": {
    "token": 36,
    "blacklisted_at": "2026-07-11T09:22:21.617Z"
  }
},
{
  "model": "token_blacklist.blacklistedtoken",
  "pk": 19,
  "fields": {
    "token": 44,
    "blacklisted_at": "2026-07-11T09:33:58.925Z"
  }
},
{
  "model": "token_blacklist.blacklistedtoken",
  "pk": 20,
  "fields": {
    "token": 47,
    "blacklisted_at": "2026-07-11T09:37:51.148Z"
  }
},
{
  "model": "token_blacklist.blacklistedtoken",
  "pk": 21,
  "fields": {
    "token": 54,
    "blacklisted_at": "2026-07-11T09:54:59.083Z"
  }
},
{
  "model": "accounts.user",
  "fields": {
    "password": "pbkdf2_sha256$1000000$0tdFmAgI8sykeVnHHtnNwb$+T2qnQ1FoC/F1BhlqyqVx9y4jF9KofL8ir45lSL8pjA=",
    "last_login": "2026-07-11T09:37:47.053Z",
    "is_superuser": true,
    "email": "ahmedabadeventhub@gmail.com",
    "first_name": "Admin",
    "last_name": "EventHub",
    "phone": null,
    "avatar": "",
    "role": "admin",
    "is_active": true,
    "is_staff": true,
    "is_approved": true,
    "date_joined": "2026-07-11T05:54:20.133Z",
    "groups": [],
    "user_permissions": []
  }
},
{
  "model": "accounts.user",
  "fields": {
    "password": "pbkdf2_sha256$1000000$fGumZe9VRUL2TKgVMqLJCM$R+lqjYHkpbdRtE0M/WmlUSuv8xHKdrgaT8ceL0zVYaM=",
    "last_login": "2026-07-11T10:44:16.916Z",
    "is_superuser": false,
    "email": "jalppatel4950@gmail.com",
    "first_name": "Jalp",
    "last_name": "Patel",
    "phone": "9853245624",
    "avatar": "",
    "role": "organizer",
    "is_active": true,
    "is_staff": false,
    "is_approved": true,
    "date_joined": "2026-07-11T06:21:47.830Z",
    "groups": [],
    "user_permissions": []
  }
},
{
  "model": "accounts.user",
  "fields": {
    "password": "pbkdf2_sha256$1000000$ay6PiQJnqEQBANK6lIpCUc$vL2QNJC3ca37eS/BtHx5ih3alx73apbLS9gzeUEGZVg=",
    "last_login": "2026-07-11T08:15:59.779Z",
    "is_superuser": false,
    "email": "jack3520255@gmail.com",
    "first_name": "Sumit",
    "last_name": "Gohel",
    "phone": "9755624454",
    "avatar": "",
    "role": "plot_owner",
    "is_active": true,
    "is_staff": false,
    "is_approved": true,
    "date_joined": "2026-07-11T06:28:34.280Z",
    "groups": [],
    "user_permissions": []
  }
},
{
  "model": "accounts.user",
  "fields": {
    "password": "pbkdf2_sha256$1000000$78mboy9CJj9cnJPik6a9nA$1hHpem359k/HER5iQ8D2Cfa5E64zfritsH7CKgflaMU=",
    "last_login": "2026-07-11T09:54:07.062Z",
    "is_superuser": false,
    "email": "ljce2028@gmail.com",
    "first_name": "Sujal",
    "last_name": "Patel",
    "phone": "6551552525",
    "avatar": "",
    "role": "customer",
    "is_active": true,
    "is_staff": false,
    "is_approved": true,
    "date_joined": "2026-07-11T06:31:52.674Z",
    "groups": [],
    "user_permissions": []
  }
},
{
  "model": "accounts.user",
  "fields": {
    "password": "pbkdf2_sha256$1000000$MaVBwu4514FOa5nN4TAbCm$XJUCbuYYNrc6HTTgKRNV5UuA+Q4NGekO6/gJfZ1Ykwk=",
    "last_login": "2026-07-11T06:34:25.972Z",
    "is_superuser": false,
    "email": "sbprajapati310707@gmail.com",
    "first_name": "Dax",
    "last_name": "Patel",
    "phone": "6522525525",
    "avatar": "",
    "role": "customer",
    "is_active": true,
    "is_staff": false,
    "is_approved": true,
    "date_joined": "2026-07-11T06:34:10.042Z",
    "groups": [],
    "user_permissions": []
  }
},
{
  "model": "accounts.user",
  "fields": {
    "password": "pbkdf2_sha256$1000000$pCVdxeDOUNLzDccH3eSi9g$FY/E6pRGnHkY7SfBOEn/bRwAElsMVQ3PZ23b2QHBtkc=",
    "last_login": null,
    "is_superuser": false,
    "email": "organizer@example.com",
    "first_name": "Event",
    "last_name": "Organizer",
    "phone": null,
    "avatar": "",
    "role": "organizer",
    "is_active": true,
    "is_staff": false,
    "is_approved": true,
    "date_joined": "2026-07-11T08:18:45.500Z",
    "groups": [],
    "user_permissions": []
  }
},
{
  "model": "accounts.user",
  "fields": {
    "password": "pbkdf2_sha256$1000000$mrTZYG9k3u4WvEuFZdyyjs$FRRmaHcn2KMrfmjFTz7zg5v+CgIcX88RpIWrKokfxgA=",
    "last_login": null,
    "is_superuser": false,
    "email": "owner@example.com",
    "first_name": "Venue",
    "last_name": "Owner",
    "phone": null,
    "avatar": "",
    "role": "plot_owner",
    "is_active": true,
    "is_staff": false,
    "is_approved": true,
    "date_joined": "2026-07-11T08:18:46.238Z",
    "groups": [],
    "user_permissions": []
  }
},
{
  "model": "accounts.emailotp",
  "pk": 10,
  "fields": {
    "email": "jalpp52@gmail.com",
    "code": "589686",
    "created_at": "2026-07-11T06:21:14.459Z"
  }
},
{
  "model": "accounts.emailotp",
  "pk": 15,
  "fields": {
    "email": "jack3520255@gmail.com",
    "code": "664947",
    "created_at": "2026-07-11T06:29:14.313Z"
  }
},
{
  "model": "accounts.emailotp",
  "pk": 18,
  "fields": {
    "email": "sbprajapati310707@gmail.com",
    "code": "508893",
    "created_at": "2026-07-11T06:34:56.593Z"
  }
},
{
  "model": "events.category",
  "pk": 8,
  "fields": {
    "name": "Music",
    "slug": "music",
    "image": ""
  }
},
{
  "model": "events.category",
  "pk": 9,
  "fields": {
    "name": "Tech",
    "slug": "tech",
    "image": ""
  }
},
{
  "model": "events.category",
  "pk": 10,
  "fields": {
    "name": "Startup",
    "slug": "startup",
    "image": ""
  }
},
{
  "model": "events.category",
  "pk": 11,
  "fields": {
    "name": "Business",
    "slug": "business",
    "image": ""
  }
},
{
  "model": "events.category",
  "pk": 12,
  "fields": {
    "name": "Food",
    "slug": "food",
    "image": ""
  }
},
{
  "model": "events.category",
  "pk": 13,
  "fields": {
    "name": "Sports",
    "slug": "sports",
    "image": ""
  }
},
{
  "model": "events.category",
  "pk": 14,
  "fields": {
    "name": "Education",
    "slug": "education",
    "image": ""
  }
},
{
  "model": "events.category",
  "pk": 15,
  "fields": {
    "name": "Cultural",
    "slug": "cultural",
    "image": ""
  }
},
{
  "model": "events.category",
  "pk": 16,
  "fields": {
    "name": "Gaming",
    "slug": "gaming",
    "image": ""
  }
},
{
  "model": "events.category",
  "pk": 17,
  "fields": {
    "name": "Art",
    "slug": "art",
    "image": ""
  }
},
{
  "model": "events.category",
  "pk": 18,
  "fields": {
    "name": "Workshop",
    "slug": "workshop",
    "image": ""
  }
},
{
  "model": "events.category",
  "pk": 19,
  "fields": {
    "name": "Charity",
    "slug": "charity",
    "image": ""
  }
},
{
  "model": "events.category",
  "pk": 20,
  "fields": {
    "name": "Live Feed Events",
    "slug": "live-feed-events",
    "image": ""
  }
},
{
  "model": "events.event",
  "pk": 256,
  "fields": {
    "title": "Sabarmati Riverfront Concert",
    "description": "Experience an open-air night of melodious musical performances by local folk and fusion artists along the beautiful Riverfront.",
    "date": "2026-10-12",
    "time": "19:00:00",
    "location": "Sabarmati Riverfront Event Ground, Ahmedabad, Gujarat",
    "category": 20,
    "price": "299.00",
    "tickets_total": 500,
    "tickets_sold": 1,
    "image": "",
    "organizer": [
      "jalppatel4950@gmail.com"
    ],
    "venue": null,
    "is_approved": true,
    "created_at": "2026-07-11T08:53:30.626Z"
  }
},
{
  "model": "events.event",
  "pk": 257,
  "fields": {
    "title": "Ahmedabad Street Food Festival",
    "description": "Taste the finest street foods, traditional snacks, and experimental cuisines from top food stalls in Ahmedabad.",
    "date": "2026-12-05",
    "time": "17:00:00",
    "location": "Manek Chowk, Old City, Ahmedabad, Gujarat",
    "category": 20,
    "price": "150.00",
    "tickets_total": 500,
    "tickets_sold": 1,
    "image": "",
    "organizer": [
      "jalppatel4950@gmail.com"
    ],
    "venue": null,
    "is_approved": true,
    "created_at": "2026-07-11T08:54:01.931Z"
  }
},
{
  "model": "events.event",
  "pk": 258,
  "fields": {
    "title": "Navratri Garba Mahotsav",
    "description": "Get ready to dance to the rhythm of traditional dhol and melodious garba singers. Dress in your finest traditional attire.",
    "date": "2026-10-22",
    "time": "20:00:00",
    "location": "YMCA Event Ground, S.G. Highway, Ahmedabad, Gujarat",
    "category": 20,
    "price": "499.00",
    "tickets_total": 500,
    "tickets_sold": 1,
    "image": "",
    "organizer": [
      "jalppatel4950@gmail.com"
    ],
    "venue": null,
    "is_approved": true,
    "created_at": "2026-07-11T09:37:03.891Z"
  }
},
{
  "model": "events.booking",
  "pk": 1,
  "fields": {
    "user": [
      "ljce2028@gmail.com"
    ],
    "event": 257,
    "tickets_count": 1,
    "total_price": "150.00",
    "status": "confirmed",
    "payment_status": "paid",
    "payment_id": "pay_mock_tu78tqud9n",
    "coupon": null,
    "razorpay_order_id": "order_8a2cc5b87eac45",
    "razorpay_payment_id": "pay_mock_tu78tqud9n",
    "qr_code_hash": "EH-3092FC58-8374",
    "refund_requested": false,
    "is_checked_in": false,
    "ticket_category": "Silver",
    "created_at": "2026-07-11T08:54:22.296Z"
  }
},
{
  "model": "events.booking",
  "pk": 2,
  "fields": {
    "user": [
      "ahmedabadeventhub@gmail.com"
    ],
    "event": 256,
    "tickets_count": 1,
    "total_price": "299.00",
    "status": "confirmed",
    "payment_status": "paid",
    "payment_id": "pay_mock_qo0bsp6lx6",
    "coupon": null,
    "razorpay_order_id": "order_TC8xDsWKwVre9U",
    "razorpay_payment_id": "pay_mock_qo0bsp6lx6",
    "qr_code_hash": "EH-64DFA80C-3627",
    "refund_requested": false,
    "is_checked_in": false,
    "ticket_category": "Silver",
    "created_at": "2026-07-11T09:18:47.937Z"
  }
},
{
  "model": "events.booking",
  "pk": 3,
  "fields": {
    "user": [
      "ljce2028@gmail.com"
    ],
    "event": 258,
    "tickets_count": 1,
    "total_price": "499.00",
    "status": "confirmed",
    "payment_status": "paid",
    "payment_id": "pay_mock_3mlrt9xdd7",
    "coupon": null,
    "razorpay_order_id": "order_TC9HN1wWhrwvrW",
    "razorpay_payment_id": "pay_mock_3mlrt9xdd7",
    "qr_code_hash": "EH-ECAC399F-7057",
    "refund_requested": false,
    "is_checked_in": false,
    "ticket_category": "Silver",
    "created_at": "2026-07-11T09:37:52.302Z"
  }
},
{
  "model": "notifications.notification",
  "pk": 1,
  "fields": {
    "user": [
      "jalppatel4950@gmail.com"
    ],
    "title": "Account Approved",
    "message": "Your account has been approved by the platform administrator. You can now access your dashboard.",
    "is_read": false,
    "created_at": "2026-07-11T06:22:49.527Z"
  }
},
{
  "model": "notifications.notification",
  "pk": 2,
  "fields": {
    "user": [
      "jack3520255@gmail.com"
    ],
    "title": "Account Approved",
    "message": "Your account has been approved by the platform administrator. You can now access your dashboard.",
    "is_read": false,
    "created_at": "2026-07-11T06:28:52.244Z"
  }
},
{
  "model": "notifications.notification",
  "pk": 3,
  "fields": {
    "user": [
      "ljce2028@gmail.com"
    ],
    "title": "Ticket Paid & Confirmed!",
    "message": "Your payment of ₹150.00 for Ahmedabad Street Food Festival was successful.",
    "is_read": false,
    "created_at": "2026-07-11T08:54:29.365Z"
  }
},
{
  "model": "notifications.notification",
  "pk": 4,
  "fields": {
    "user": [
      "jalppatel4950@gmail.com"
    ],
    "title": "Ticket Purchase Confirmed",
    "message": "Sujal completed payment for 1 tickets to Ahmedabad Street Food Festival.",
    "is_read": false,
    "created_at": "2026-07-11T08:54:29.397Z"
  }
},
{
  "model": "notifications.notification",
  "pk": 5,
  "fields": {
    "user": [
      "ahmedabadeventhub@gmail.com"
    ],
    "title": "Ticket Paid & Confirmed!",
    "message": "Your payment of ₹299.00 for Sabarmati Riverfront Concert was successful.",
    "is_read": false,
    "created_at": "2026-07-11T09:18:54.712Z"
  }
},
{
  "model": "notifications.notification",
  "pk": 6,
  "fields": {
    "user": [
      "jalppatel4950@gmail.com"
    ],
    "title": "Ticket Purchase Confirmed",
    "message": "Admin completed payment for 1 tickets to Sabarmati Riverfront Concert.",
    "is_read": false,
    "created_at": "2026-07-11T09:18:54.733Z"
  }
},
{
  "model": "notifications.notification",
  "pk": 7,
  "fields": {
    "user": [
      "ljce2028@gmail.com"
    ],
    "title": "Ticket Paid & Confirmed!",
    "message": "Your payment of ₹499.00 for Navratri Garba Mahotsav was successful.",
    "is_read": false,
    "created_at": "2026-07-11T09:37:58.658Z"
  }
},
{
  "model": "notifications.notification",
  "pk": 8,
  "fields": {
    "user": [
      "jalppatel4950@gmail.com"
    ],
    "title": "Ticket Purchase Confirmed",
    "message": "Sujal completed payment for 1 tickets to Navratri Garba Mahotsav.",
    "is_read": false,
    "created_at": "2026-07-11T09:37:58.680Z"
  }
},
{
  "model": "system_admin.auditlog",
  "pk": 1,
  "fields": {
    "user": [
      "ahmedabadeventhub@gmail.com"
    ],
    "action": "USER_APPROVED",
    "resource": "User",
    "resource_id": "2",
    "ip_address": "127.0.0.1",
    "user_agent": "Mozilla/5.0 (Windows NT 10.0; Win64; x64) AppleWebKit/537.36 (KHTML, like Gecko) Chrome/150.0.0.0 Safari/537.36 Edg/150.0.0.0",
    "details": {
      "approved_email": "jalppatel4950@gmail.com",
      "role": "organizer"
    },
    "timestamp": "2026-07-11T06:22:49.515Z"
  }
},
{
  "model": "system_admin.auditlog",
  "pk": 2,
  "fields": {
    "user": [
      "ahmedabadeventhub@gmail.com"
    ],
    "action": "USER_APPROVED",
    "resource": "User",
    "resource_id": "3",
    "ip_address": "127.0.0.1",
    "user_agent": "Mozilla/5.0 (Windows NT 10.0; Win64; x64) AppleWebKit/537.36 (KHTML, like Gecko) Chrome/150.0.0.0 Safari/537.36 Edg/150.0.0.0",
    "details": {
      "approved_email": "jack3520255@gmail.com",
      "role": "plot_owner"
    },
    "timestamp": "2026-07-11T06:28:52.235Z"
  }
},
{
  "model": "token_blacklist.outstandingtoken",
  "pk": 1,
  "fields": {
    "user": [
      "ahmedabadeventhub@gmail.com"
    ],
    "jti": "9db46d3352c34fffa553780e436c7fa0",
    "token": "eyJhbGciOiJIUzI1NiIsInR5cCI6IkpXVCJ9.eyJ0b2tlbl90eXBlIjoicmVmcmVzaCIsImV4cCI6MTc4NDM1NDA5MywiaWF0IjoxNzgzNzQ5MjkzLCJqdGkiOiI5ZGI0NmQzMzUyYzM0ZmZmYTU1Mzc4MGU0MzZjN2ZhMCIsInVzZXJfaWQiOiIxIn0.jVcrZfFmkaG1LdDF3jO8m91_6lnN_P8XrQX94S3jcxg",
    "created_at": "2026-07-11T05:54:53.259Z",
    "expires_at": "2026-07-18T05:54:53Z"
  }
},
{
  "model": "token_blacklist.outstandingtoken",
  "pk": 2,
  "fields": {
    "user": [
      "ahmedabadeventhub@gmail.com"
    ],
    "jti": "2526f1da6f1347aaaa30032ff93e84dd",
    "token": "eyJhbGciOiJIUzI1NiIsInR5cCI6IkpXVCJ9.eyJ0b2tlbl90eXBlIjoicmVmcmVzaCIsImV4cCI6MTc4NDM1NDA5NCwiaWF0IjoxNzgzNzQ5Mjk0LCJqdGkiOiIyNTI2ZjFkYTZmMTM0N2FhYWEzMDAzMmZmOTNlODRkZCIsInVzZXJfaWQiOiIxIn0.Z9wo1OlNf2h2pa3WaBA1-h02McqCcODoqSHtKRy59BA",
    "created_at": "2026-07-11T05:54:54.201Z",
    "expires_at": "2026-07-18T05:54:54Z"
  }
},
{
  "model": "token_blacklist.outstandingtoken",
  "pk": 3,
  "fields": {
    "user": [
      "jalppatel4950@gmail.com"
    ],
    "jti": "1a6ab9da89cd4b3ba993351dec3b515e",
    "token": "eyJhbGciOiJIUzI1NiIsInR5cCI6IkpXVCJ9.eyJ0b2tlbl90eXBlIjoicmVmcmVzaCIsImV4cCI6MTc4NDM1NTczNSwiaWF0IjoxNzgzNzUwOTM1LCJqdGkiOiIxYTZhYjlkYTg5Y2Q0YjNiYTk5MzM1MWRlYzNiNTE1ZSIsInVzZXJfaWQiOiIyIn0.qjxVKmn4ZTzu7dVUxhYOarWkM1Jn9lmt9zIpnnt5De4",
    "created_at": "2026-07-11T06:22:15.882Z",
    "expires_at": "2026-07-18T06:22:15Z"
  }
},
{
  "model": "token_blacklist.outstandingtoken",
  "pk": 4,
  "fields": {
    "user": [
      "jalppatel4950@gmail.com"
    ],
    "jti": "58dae4acdb954d1a821b01dd3faba19a",
    "token": "eyJhbGciOiJIUzI1NiIsInR5cCI6IkpXVCJ9.eyJ0b2tlbl90eXBlIjoicmVmcmVzaCIsImV4cCI6MTc4NDM1NTc0OSwiaWF0IjoxNzgzNzUwOTQ5LCJqdGkiOiI1OGRhZTRhY2RiOTU0ZDFhODIxYjAxZGQzZmFiYTE5YSIsInVzZXJfaWQiOiIyIn0.9eI1jKnc06Lz7vZElciR_PfLOtYI7KqIzBxnITcvyyQ",
    "created_at": "2026-07-11T06:22:29.996Z",
    "expires_at": "2026-07-18T06:22:29Z"
  }
},
{
  "model": "token_blacklist.outstandingtoken",
  "pk": 5,
  "fields": {
    "user": [
      "ahmedabadeventhub@gmail.com"
    ],
    "jti": "b854f4f71dd144c0b2e059ed6e738d1e",
    "token": "eyJhbGciOiJIUzI1NiIsInR5cCI6IkpXVCJ9.eyJ0b2tlbl90eXBlIjoicmVmcmVzaCIsImV4cCI6MTc4NDM1NTc2NCwiaWF0IjoxNzgzNzUwOTY0LCJqdGkiOiJiODU0ZjRmNzFkZDE0NGMwYjJlMDU5ZWQ2ZTczOGQxZSIsInVzZXJfaWQiOiIxIn0.ZSJzV5JphWS-aseq6BVvX2W5_1vLOu_bjnzxXIIRaAk",
    "created_at": "2026-07-11T06:22:44.581Z",
    "expires_at": "2026-07-18T06:22:44Z"
  }
},
{
  "model": "token_blacklist.outstandingtoken",
  "pk": 6,
  "fields": {
    "user": [
      "ahmedabadeventhub@gmail.com"
    ],
    "jti": "6e5d98e7ff624c11b33d114398396d6e",
    "token": "eyJhbGciOiJIUzI1NiIsInR5cCI6IkpXVCJ9.eyJ0b2tlbl90eXBlIjoicmVmcmVzaCIsImV4cCI6MTc4NDM1NTc2NSwiaWF0IjoxNzgzNzUwOTY1LCJqdGkiOiI2ZTVkOThlN2ZmNjI0YzExYjMzZDExNDM5ODM5NmQ2ZSIsInVzZXJfaWQiOiIxIn0.vSpyE2QXAW_SHa4FC7sbgxr0guEw8Ina_B9RNuWDd5o",
    "created_at": "2026-07-11T06:22:45.304Z",
    "expires_at": "2026-07-18T06:22:45Z"
  }
},
{
  "model": "token_blacklist.outstandingtoken",
  "pk": 7,
  "fields": {
    "user": [
      "jalppatel4950@gmail.com"
    ],
    "jti": "3fbf3d6a95374e38bf294f24bf06ef88",
    "token": "eyJhbGciOiJIUzI1NiIsInR5cCI6IkpXVCJ9.eyJ0b2tlbl90eXBlIjoicmVmcmVzaCIsImV4cCI6MTc4NDM1NTc5NCwiaWF0IjoxNzgzNzUwOTk0LCJqdGkiOiIzZmJmM2Q2YTk1Mzc0ZTM4YmYyOTRmMjRiZjA2ZWY4OCIsInVzZXJfaWQiOiIyIn0.uPbT4gQ7MUJTEAQcH3hCM2-7bmmEKxGa6AkJf3U6XHI",
    "created_at": "2026-07-11T06:23:14.067Z",
    "expires_at": "2026-07-18T06:23:14Z"
  }
},
{
  "model": "token_blacklist.outstandingtoken",
  "pk": 8,
  "fields": {
    "user": [
      "jalppatel4950@gmail.com"
    ],
    "jti": "072f8a4ec07d48b787f68a696fd4855c",
    "token": "eyJhbGciOiJIUzI1NiIsInR5cCI6IkpXVCJ9.eyJ0b2tlbl90eXBlIjoicmVmcmVzaCIsImV4cCI6MTc4NDM1NTc5NCwiaWF0IjoxNzgzNzUwOTk0LCJqdGkiOiIwNzJmOGE0ZWMwN2Q0OGI3ODdmNjhhNjk2ZmQ0ODU1YyIsInVzZXJfaWQiOiIyIn0.MzaWHfBI1CgW020nxAJEWLk1xqitYhBoPYk0glCHXXI",
    "created_at": "2026-07-11T06:23:14.732Z",
    "expires_at": "2026-07-18T06:23:14Z"
  }
},
{
  "model": "token_blacklist.outstandingtoken",
  "pk": 9,
  "fields": {
    "user": [
      "ahmedabadeventhub@gmail.com"
    ],
    "jti": "923174ca0bae4f36adc8a55633db0e27",
    "token": "eyJhbGciOiJIUzI1NiIsInR5cCI6IkpXVCJ9.eyJ0b2tlbl90eXBlIjoicmVmcmVzaCIsImV4cCI6MTc4NDM1NjEyMiwiaWF0IjoxNzgzNzUxMzIyLCJqdGkiOiI5MjMxNzRjYTBiYWU0ZjM2YWRjOGE1NTYzM2RiMGUyNyIsInVzZXJfaWQiOiIxIn0.eJ8wltbVTETmWsO1m-wDbtJYFhi9sZPCAD0bkUjRL68",
    "created_at": "2026-07-11T06:28:42.454Z",
    "expires_at": "2026-07-18T06:28:42Z"
  }
},
{
  "model": "token_blacklist.outstandingtoken",
  "pk": 10,
  "fields": {
    "user": [
      "ahmedabadeventhub@gmail.com"
    ],
    "jti": "fe4430fb5818458cbfc0453ec565ee51",
    "token": "eyJhbGciOiJIUzI1NiIsInR5cCI6IkpXVCJ9.eyJ0b2tlbl90eXBlIjoicmVmcmVzaCIsImV4cCI6MTc4NDM1NjEyMywiaWF0IjoxNzgzNzUxMzIzLCJqdGkiOiJmZTQ0MzBmYjU4MTg0NThjYmZjMDQ1M2VjNTY1ZWU1MSIsInVzZXJfaWQiOiIxIn0.y4dQywfQ5sRT6om568NE7QHHsT91InV9TkEFvoyIQ1E",
    "created_at": "2026-07-11T06:28:43.640Z",
    "expires_at": "2026-07-18T06:28:43Z"
  }
},
{
  "model": "token_blacklist.outstandingtoken",
  "pk": 11,
  "fields": {
    "user": [
      "jack3520255@gmail.com"
    ],
    "jti": "6c61995825684233840596048794f4db",
    "token": "eyJhbGciOiJIUzI1NiIsInR5cCI6IkpXVCJ9.eyJ0b2tlbl90eXBlIjoicmVmcmVzaCIsImV4cCI6MTc4NDM1NjE1MiwiaWF0IjoxNzgzNzUxMzUyLCJqdGkiOiI2YzYxOTk1ODI1Njg0MjMzODQwNTk2MDQ4Nzk0ZjRkYiIsInVzZXJfaWQiOiIzIn0.iSm1xA5ly-6knXDxF_k8fPn1w9JihACPEblLfx6BDQY",
    "created_at": "2026-07-11T06:29:12.184Z",
    "expires_at": "2026-07-18T06:29:12Z"
  }
},
{
  "model": "token_blacklist.outstandingtoken",
  "pk": 12,
  "fields": {
    "user": [
      "jack3520255@gmail.com"
    ],
    "jti": "00633d6774d14f9a8eb1809eae6760f0",
    "token": "eyJhbGciOiJIUzI1NiIsInR5cCI6IkpXVCJ9.eyJ0b2tlbl90eXBlIjoicmVmcmVzaCIsImV4cCI6MTc4NDM1NjE1MiwiaWF0IjoxNzgzNzUxMzUyLCJqdGkiOiIwMDYzM2Q2Nzc0ZDE0ZjlhOGViMTgwOWVhZTY3NjBmMCIsInVzZXJfaWQiOiIzIn0.V-3AlsE4aCMy5ldQR5SvVGIa-yPlB5S5ciEX20XIC9I",
    "created_at": "2026-07-11T06:29:12.563Z",
    "expires_at": "2026-07-18T06:29:12Z"
  }
},
{
  "model": "token_blacklist.outstandingtoken",
  "pk": 13,
  "fields": {
    "user": [
      "ljce2028@gmail.com"
    ],
    "jti": "057b1ee1c6fa4b55bab842131ed23f64",
    "token": "eyJhbGciOiJIUzI1NiIsInR5cCI6IkpXVCJ9.eyJ0b2tlbl90eXBlIjoicmVmcmVzaCIsImV4cCI6MTc4NDM1NjMzOCwiaWF0IjoxNzgzNzUxNTM4LCJqdGkiOiIwNTdiMWVlMWM2ZmE0YjU1YmFiODQyMTMxZWQyM2Y2NCIsInVzZXJfaWQiOiI0In0.DuczFkfDV2esMhes_oq9qutKFHlEkrUnpSBIb25cWKg",
    "created_at": "2026-07-11T06:32:18.634Z",
    "expires_at": "2026-07-18T06:32:18Z"
  }
},
{
  "model": "token_blacklist.outstandingtoken",
  "pk": 14,
  "fields": {
    "user": [
      "ljce2028@gmail.com"
    ],
    "jti": "9e4a0ac07ac24fdd8811fc599000c3d9",
    "token": "eyJhbGciOiJIUzI1NiIsInR5cCI6IkpXVCJ9.eyJ0b2tlbl90eXBlIjoicmVmcmVzaCIsImV4cCI6MTc4NDM1NjMzOSwiaWF0IjoxNzgzNzUxNTM5LCJqdGkiOiI5ZTRhMGFjMDdhYzI0ZmRkODgxMWZjNTk5MDAwYzNkOSIsInVzZXJfaWQiOiI0In0.3mcdN5JXZ6jHLEjkwS3DXG8Fmp4sQ89G0yVEs7JxLlU",
    "created_at": "2026-07-11T06:32:19.996Z",
    "expires_at": "2026-07-18T06:32:19Z"
  }
},
{
  "model": "token_blacklist.outstandingtoken",
  "pk": 15,
  "fields": {
    "user": [
      "sbprajapati310707@gmail.com"
    ],
    "jti": "b858099639a34911920a1f976efb50ef",
    "token": "eyJhbGciOiJIUzI1NiIsInR5cCI6IkpXVCJ9.eyJ0b2tlbl90eXBlIjoicmVmcmVzaCIsImV4cCI6MTc4NDM1NjQ2NCwiaWF0IjoxNzgzNzUxNjY0LCJqdGkiOiJiODU4MDk5NjM5YTM0OTExOTIwYTFmOTc2ZWZiNTBlZiIsInVzZXJfaWQiOiI1In0.ZfnTubT5_TWDc7e8QEdu5NVOsd1puNHZB8Cfa-QqyPM",
    "created_at": "2026-07-11T06:34:24.931Z",
    "expires_at": "2026-07-18T06:34:24Z"
  }
},
{
  "model": "token_blacklist.outstandingtoken",
  "pk": 16,
  "fields": {
    "user": [
      "sbprajapati310707@gmail.com"
    ],
    "jti": "f9d17890ffe643ba9d9deb2db3bd5394",
    "token": "eyJhbGciOiJIUzI1NiIsInR5cCI6IkpXVCJ9.eyJ0b2tlbl90eXBlIjoicmVmcmVzaCIsImV4cCI6MTc4NDM1NjQ2NSwiaWF0IjoxNzgzNzUxNjY1LCJqdGkiOiJmOWQxNzg5MGZmZTY0M2JhOWQ5ZGViMmRiM2JkNTM5NCIsInVzZXJfaWQiOiI1In0.d0_9UO9SKyR-7-5HOqOqFRErMtIcKJWyHZG-XvjsxZ4",
    "created_at": "2026-07-11T06:34:25.963Z",
    "expires_at": "2026-07-18T06:34:25Z"
  }
},
{
  "model": "token_blacklist.outstandingtoken",
  "pk": 17,
  "fields": {
    "user": [
      "ahmedabadeventhub@gmail.com"
    ],
    "jti": "0b8d1bc9ca10414184d506ab0e726d64",
    "token": "eyJhbGciOiJIUzI1NiIsInR5cCI6IkpXVCJ9.eyJ0b2tlbl90eXBlIjoicmVmcmVzaCIsImV4cCI6MTc4NDM2MjQ4MiwiaWF0IjoxNzgzNzU3NjgyLCJqdGkiOiIwYjhkMWJjOWNhMTA0MTQxODRkNTA2YWIwZTcyNmQ2NCIsInVzZXJfaWQiOiIxIn0.yyv58hi9b5mhiH9f9i3jvQBYAgXeawaU1myuFOWZDII",
    "created_at": "2026-07-11T08:14:42.669Z",
    "expires_at": "2026-07-18T08:14:42Z"
  }
},
{
  "model": "token_blacklist.outstandingtoken",
  "pk": 18,
  "fields": {
    "user": [
      "ahmedabadeventhub@gmail.com"
    ],
    "jti": "3b978da5c6864814a6f77c62cbd780f0",
    "token": "eyJhbGciOiJIUzI1NiIsInR5cCI6IkpXVCJ9.eyJ0b2tlbl90eXBlIjoicmVmcmVzaCIsImV4cCI6MTc4NDM2MjUxNCwiaWF0IjoxNzgzNzU3NzE0LCJqdGkiOiIzYjk3OGRhNWM2ODY0ODE0YTZmNzdjNjJjYmQ3ODBmMCIsInVzZXJfaWQiOiIxIn0.A-JnBIArtNHWVXg8BzNT8Mkue3Z67sV0oBWExyEow2A",
    "created_at": "2026-07-11T08:15:14.064Z",
    "expires_at": "2026-07-18T08:15:14Z"
  }
},
{
  "model": "token_blacklist.outstandingtoken",
  "pk": 19,
  "fields": {
    "user": [
      "ahmedabadeventhub@gmail.com"
    ],
    "jti": "435e1f73700d47458a3241a0458b6881",
    "token": "eyJhbGciOiJIUzI1NiIsInR5cCI6IkpXVCJ9.eyJ0b2tlbl90eXBlIjoicmVmcmVzaCIsImV4cCI6MTc4NDM2MjUxNCwiaWF0IjoxNzgzNzU3NzE0LCJqdGkiOiI0MzVlMWY3MzcwMGQ0NzQ1OGEzMjQxYTA0NThiNjg4MSIsInVzZXJfaWQiOiIxIn0.bU4a39PVpgiI7aW7tK7jmCg7QBgxDIgG_rLx6bC3zZ4",
    "created_at": "2026-07-11T08:15:14.424Z",
    "expires_at": "2026-07-18T08:15:14Z"
  }
},
{
  "model": "token_blacklist.outstandingtoken",
  "pk": 20,
  "fields": {
    "user": [
      "ahmedabadeventhub@gmail.com"
    ],
    "jti": "34cb84f78d0f4f338ee8b064975e79a5",
    "token": "eyJhbGciOiJIUzI1NiIsInR5cCI6IkpXVCJ9.eyJ0b2tlbl90eXBlIjoicmVmcmVzaCIsImV4cCI6MTc4NDM2MjUzMCwiaWF0IjoxNzgzNzU3NzMwLCJqdGkiOiIzNGNiODRmNzhkMGY0ZjMzOGVlOGIwNjQ5NzVlNzlhNSIsInVzZXJfaWQiOiIxIn0.i8Ygt7K2RGeHU-GfhD6tU-G7PM9gxzfsqBd2g2JT_Ak",
    "created_at": "2026-07-11T08:15:30.578Z",
    "expires_at": "2026-07-18T08:15:30Z"
  }
},
{
  "model": "token_blacklist.outstandingtoken",
  "pk": 21,
  "fields": {
    "user": [
      "ahmedabadeventhub@gmail.com"
    ],
    "jti": "e970ea6b5b854fcf969b66e8b05a1e0f",
    "token": "eyJhbGciOiJIUzI1NiIsInR5cCI6IkpXVCJ9.eyJ0b2tlbl90eXBlIjoicmVmcmVzaCIsImV4cCI6MTc4NDM2MjUzMSwiaWF0IjoxNzgzNzU3NzMxLCJqdGkiOiJlOTcwZWE2YjViODU0ZmNmOTY5YjY2ZThiMDVhMWUwZiIsInVzZXJfaWQiOiIxIn0.7-fS3MNw7-XGUjMRMVfoFqqcV693OQwf55rwf3F-a5g",
    "created_at": "2026-07-11T08:15:31.317Z",
    "expires_at": "2026-07-18T08:15:31Z"
  }
},
{
  "model": "token_blacklist.outstandingtoken",
  "pk": 22,
  "fields": {
    "user": [
      "jack3520255@gmail.com"
    ],
    "jti": "48492e0ea6e24086876656c5bb708a78",
    "token": "eyJhbGciOiJIUzI1NiIsInR5cCI6IkpXVCJ9.eyJ0b2tlbl90eXBlIjoicmVmcmVzaCIsImV4cCI6MTc4NDM2MjU1OCwiaWF0IjoxNzgzNzU3NzU4LCJqdGkiOiI0ODQ5MmUwZWE2ZTI0MDg2ODc2NjU2YzViYjcwOGE3OCIsInVzZXJfaWQiOiIzIn0.zZkXzzjFqkKzvQgurZZJ7L4N5q0f2mOYQipmNfqOQQQ",
    "created_at": "2026-07-11T08:15:58.811Z",
    "expires_at": "2026-07-18T08:15:58Z"
  }
},
{
  "model": "token_blacklist.outstandingtoken",
  "pk": 23,
  "fields": {
    "user": [
      "jack3520255@gmail.com"
    ],
    "jti": "584afb758e2e493f8748be52bae36153",
    "token": "eyJhbGciOiJIUzI1NiIsInR5cCI6IkpXVCJ9.eyJ0b2tlbl90eXBlIjoicmVmcmVzaCIsImV4cCI6MTc4NDM2MjU1OSwiaWF0IjoxNzgzNzU3NzU5LCJqdGkiOiI1ODRhZmI3NThlMmU0OTNmODc0OGJlNTJiYWUzNjE1MyIsInVzZXJfaWQiOiIzIn0.n16QOuGcQEnIu4D4yZ18z-54cmrA_KUrqa5ut4nWVWQ",
    "created_at": "2026-07-11T08:15:59.768Z",
    "expires_at": "2026-07-18T08:15:59Z"
  }
},
{
  "model": "token_blacklist.outstandingtoken",
  "pk": 24,
  "fields": {
    "user": [
      "jalppatel4950@gmail.com"
    ],
    "jti": "dd32e3e664104ab0bf4d2349474e4e16",
    "token": "eyJhbGciOiJIUzI1NiIsInR5cCI6IkpXVCJ9.eyJ0b2tlbl90eXBlIjoicmVmcmVzaCIsImV4cCI6MTc4NDM2MjU4NSwiaWF0IjoxNzgzNzU3Nzg1LCJqdGkiOiJkZDMyZTNlNjY0MTA0YWIwYmY0ZDIzNDk0NzRlNGUxNiIsInVzZXJfaWQiOiIyIn0.9P0gDevK5yv72gUGNhgh8bupkXZAt3f01BttGTOfGoM",
    "created_at": "2026-07-11T08:16:25.026Z",
    "expires_at": "2026-07-18T08:16:25Z"
  }
},
{
  "model": "token_blacklist.outstandingtoken",
  "pk": 25,
  "fields": {
    "user": [
      "jalppatel4950@gmail.com"
    ],
    "jti": "f3ad66adf1904742b742d42324bfb6c1",
    "token": "eyJhbGciOiJIUzI1NiIsInR5cCI6IkpXVCJ9.eyJ0b2tlbl90eXBlIjoicmVmcmVzaCIsImV4cCI6MTc4NDM2MjU4NiwiaWF0IjoxNzgzNzU3Nzg2LCJqdGkiOiJmM2FkNjZhZGYxOTA0NzQyYjc0MmQ0MjMyNGJmYjZjMSIsInVzZXJfaWQiOiIyIn0.J3wx_pshl_PAJF1sOorwoxKVgZZyXcQvmW_wOPjiicQ",
    "created_at": "2026-07-11T08:16:26.143Z",
    "expires_at": "2026-07-18T08:16:26Z"
  }
},
{
  "model": "token_blacklist.outstandingtoken",
  "pk": 26,
  "fields": {
    "user": [
      "jalppatel4950@gmail.com"
    ],
    "jti": "b20b8be031f14e29a973b6ef73ff2cbf",
    "token": "eyJhbGciOiJIUzI1NiIsInR5cCI6IkpXVCJ9.eyJ0b2tlbl90eXBlIjoicmVmcmVzaCIsImV4cCI6MTc4NDM2Mjc5MywiaWF0IjoxNzgzNzU3OTkzLCJqdGkiOiJiMjBiOGJlMDMxZjE0ZTI5YTk3M2I2ZWY3M2ZmMmNiZiIsInVzZXJfaWQiOiIyIn0.c_jmkdBeJuD_cCnvkh1-WzwOQqS5_4UHrA5mmSCL9jg",
    "created_at": "2026-07-11T08:19:53.073Z",
    "expires_at": "2026-07-18T08:19:53Z"
  }
},
{
  "model": "token_blacklist.outstandingtoken",
  "pk": 27,
  "fields": {
    "user": [
      "jalppatel4950@gmail.com"
    ],
    "jti": "05507a2c8cde43b98a115319590d9ffe",
    "token": "eyJhbGciOiJIUzI1NiIsInR5cCI6IkpXVCJ9.eyJ0b2tlbl90eXBlIjoicmVmcmVzaCIsImV4cCI6MTc4NDM2Mjc5MywiaWF0IjoxNzgzNzU3OTkzLCJqdGkiOiIwNTUwN2EyYzhjZGU0M2I5OGExMTUzMTk1OTBkOWZmZSIsInVzZXJfaWQiOiIyIn0.tquGitrlGKgGX2qsdlNOdZwxtuzAci5c5Km329wKJLA",
    "created_at": "2026-07-11T08:19:53.464Z",
    "expires_at": "2026-07-18T08:19:53Z"
  }
},
{
  "model": "token_blacklist.outstandingtoken",
  "pk": 28,
  "fields": {
    "user": [
      "ahmedabadeventhub@gmail.com"
    ],
    "jti": "a8f2c16f23f94db9a605787b0158ae58",
    "token": "eyJhbGciOiJIUzI1NiIsInR5cCI6IkpXVCJ9.eyJ0b2tlbl90eXBlIjoicmVmcmVzaCIsImV4cCI6MTc4NDM2MjkyNywiaWF0IjoxNzgzNzU4MTI3LCJqdGkiOiJhOGYyYzE2ZjIzZjk0ZGI5YTYwNTc4N2IwMTU4YWU1OCIsInVzZXJfaWQiOiIxIn0.JlBklFWnA_4QdBJN_mUDHmCsaDKMvwBdsNX5kWbbjUQ",
    "created_at": "2026-07-11T08:22:07.261Z",
    "expires_at": "2026-07-18T08:22:07Z"
  }
},
{
  "model": "token_blacklist.outstandingtoken",
  "pk": 29,
  "fields": {
    "user": [
      "ahmedabadeventhub@gmail.com"
    ],
    "jti": "051eb9a6ecd34f25bf51c9e8e09312cb",
    "token": "eyJhbGciOiJIUzI1NiIsInR5cCI6IkpXVCJ9.eyJ0b2tlbl90eXBlIjoicmVmcmVzaCIsImV4cCI6MTc4NDM2MjkyOCwiaWF0IjoxNzgzNzU4MTI4LCJqdGkiOiIwNTFlYjlhNmVjZDM0ZjI1YmY1MWM5ZThlMDkzMTJjYiIsInVzZXJfaWQiOiIxIn0.gbvHPRGfEen6hp3UVPtJq1bMPdxKI2WH8B4wwdHrDaA",
    "created_at": "2026-07-11T08:22:08.228Z",
    "expires_at": "2026-07-18T08:22:08Z"
  }
},
{
  "model": "token_blacklist.outstandingtoken",
  "pk": 30,
  "fields": {
    "user": [
      "ahmedabadeventhub@gmail.com"
    ],
    "jti": "d21b0867e5124010816f3ed14c916991",
    "token": "eyJhbGciOiJIUzI1NiIsInR5cCI6IkpXVCJ9.eyJ0b2tlbl90eXBlIjoicmVmcmVzaCIsImV4cCI6MTc4NDM2MzA0NywiaWF0IjoxNzgzNzU4MjQ3LCJqdGkiOiJkMjFiMDg2N2U1MTI0MDEwODE2ZjNlZDE0YzkxNjk5MSIsInVzZXJfaWQiOiIxIn0.F3T9HtWHicI_uszUy3SIcY3QwWJYes_Y9Y4g1JeFJ9Q",
    "created_at": "2026-07-11T08:24:07.441Z",
    "expires_at": "2026-07-18T08:24:07Z"
  }
},
{
  "model": "token_blacklist.outstandingtoken",
  "pk": 31,
  "fields": {
    "user": [
      "ahmedabadeventhub@gmail.com"
    ],
    "jti": "546aeed1e2484149aef883b9a64c586a",
    "token": "eyJhbGciOiJIUzI1NiIsInR5cCI6IkpXVCJ9.eyJ0b2tlbl90eXBlIjoicmVmcmVzaCIsImV4cCI6MTc4NDM2MzA0OCwiaWF0IjoxNzgzNzU4MjQ4LCJqdGkiOiI1NDZhZWVkMWUyNDg0MTQ5YWVmODgzYjlhNjRjNTg2YSIsInVzZXJfaWQiOiIxIn0.1BYX3wFdTkgrolpX016r13lTqBv_v7LeEWuoXHeioas",
    "created_at": "2026-07-11T08:24:08.358Z",
    "expires_at": "2026-07-18T08:24:08Z"
  }
},
{
  "model": "token_blacklist.outstandingtoken",
  "pk": 32,
  "fields": {
    "user": [
      "ahmedabadeventhub@gmail.com"
    ],
    "jti": "8da121b5161f4da3b7bd5588998a9810",
    "token": "eyJhbGciOiJIUzI1NiIsInR5cCI6IkpXVCJ9.eyJ0b2tlbl90eXBlIjoicmVmcmVzaCIsImV4cCI6MTc4NDM2MzI2OCwiaWF0IjoxNzgzNzU4NDY4LCJqdGkiOiI4ZGExMjFiNTE2MWY0ZGEzYjdiZDU1ODg5OThhOTgxMCIsInVzZXJfaWQiOiIxIn0.NvrNn3H-iFIZ1OnyYSxLx-ESajeV-likA0ecGeFMfK8",
    "created_at": "2026-07-11T08:27:48.200Z",
    "expires_at": "2026-07-18T08:27:48Z"
  }
},
{
  "model": "token_blacklist.outstandingtoken",
  "pk": 33,
  "fields": {
    "user": [
      "ahmedabadeventhub@gmail.com"
    ],
    "jti": "3108a26aff644eefa037c5ff8425bbbd",
    "token": "eyJhbGciOiJIUzI1NiIsInR5cCI6IkpXVCJ9.eyJ0b2tlbl90eXBlIjoicmVmcmVzaCIsImV4cCI6MTc4NDM2MzI2OSwiaWF0IjoxNzgzNzU4NDY5LCJqdGkiOiIzMTA4YTI2YWZmNjQ0ZWVmYTAzN2M1ZmY4NDI1YmJiZCIsInVzZXJfaWQiOiIxIn0.HuMAAXGUCIt3PIh4ynKnNg2_cIl53OsLb1N8mMNgx34",
    "created_at": "2026-07-11T08:27:49.177Z",
    "expires_at": "2026-07-18T08:27:49Z"
  }
},
{
  "model": "token_blacklist.outstandingtoken",
  "pk": 34,
  "fields": {
    "user": [
      "ahmedabadeventhub@gmail.com"
    ],
    "jti": "4422f167a3904c518c4368cd35790345",
    "token": "eyJhbGciOiJIUzI1NiIsInR5cCI6IkpXVCJ9.eyJ0b2tlbl90eXBlIjoicmVmcmVzaCIsImV4cCI6MTc4NDM2NDA0NSwiaWF0IjoxNzgzNzU5MjQ1LCJqdGkiOiI0NDIyZjE2N2EzOTA0YzUxOGM0MzY4Y2QzNTc5MDM0NSIsInVzZXJfaWQiOiIxIn0.Ffci9cG9yvAk_i9l8LWn-i1aSxXFaLXFLvn8ULqTC0Y",
    "created_at": "2026-07-11T08:40:45.721Z",
    "expires_at": "2026-07-18T08:40:45Z"
  }
},
{
  "model": "token_blacklist.outstandingtoken",
  "pk": 35,
  "fields": {
    "user": [
      "ahmedabadeventhub@gmail.com"
    ],
    "jti": "0ca47ae85f8447aaae14531f8245847a",
    "token": "eyJhbGciOiJIUzI1NiIsInR5cCI6IkpXVCJ9.eyJ0b2tlbl90eXBlIjoicmVmcmVzaCIsImV4cCI6MTc4NDM2NDA0NiwiaWF0IjoxNzgzNzU5MjQ2LCJqdGkiOiIwY2E0N2FlODVmODQ0N2FhYWUxNDUzMWY4MjQ1ODQ3YSIsInVzZXJfaWQiOiIxIn0.kA2meER9XLHHCX46z_VifLDEJowX03qnV7nRP2OAHXk",
    "created_at": "2026-07-11T08:40:46.742Z",
    "expires_at": "2026-07-18T08:40:46Z"
  }
},
{
  "model": "token_blacklist.outstandingtoken",
  "pk": 36,
  "fields": {
    "user": [
      "ljce2028@gmail.com"
    ],
    "jti": "a085a5f4c199478d9da2112fd23cd27d",
    "token": "eyJhbGciOiJIUzI1NiIsInR5cCI6IkpXVCJ9.eyJ0b2tlbl90eXBlIjoicmVmcmVzaCIsImV4cCI6MTc4NDM2NDA2OCwiaWF0IjoxNzgzNzU5MjY4LCJqdGkiOiJhMDg1YTVmNGMxOTk0NzhkOWRhMjExMmZkMjNjZDI3ZCIsInVzZXJfaWQiOiI0In0.N97EjQ5XxtYSljE3Aw5se954HwAcjhTzF9FmcchKKgM",
    "created_at": "2026-07-11T08:41:08.171Z",
    "expires_at": "2026-07-18T08:41:08Z"
  }
},
{
  "model": "token_blacklist.outstandingtoken",
  "pk": 37,
  "fields": {
    "user": [
      "ljce2028@gmail.com"
    ],
    "jti": "7fb4f9a83b074f35bdf4a6e73a394e6f",
    "token": "eyJhbGciOiJIUzI1NiIsInR5cCI6IkpXVCJ9.eyJ0b2tlbl90eXBlIjoicmVmcmVzaCIsImV4cCI6MTc4NDM2NDA2OCwiaWF0IjoxNzgzNzU5MjY4LCJqdGkiOiI3ZmI0ZjlhODNiMDc0ZjM1YmRmNGE2ZTczYTM5NGU2ZiIsInVzZXJfaWQiOiI0In0.hAGzHDigAmh_WMhvyEC5rSNqj6Y59dpaJ_R9_W79CJY",
    "created_at": "2026-07-11T08:41:08.926Z",
    "expires_at": "2026-07-18T08:41:08Z"
  }
},
{
  "model": "token_blacklist.outstandingtoken",
  "pk": 38,
  "fields": {
    "user": [
      "ahmedabadeventhub@gmail.com"
    ],
    "jti": "fd21bbd7a7534dfaab3b7c405fa1d43f",
    "token": "eyJhbGciOiJIUzI1NiIsInR5cCI6IkpXVCJ9.eyJ0b2tlbl90eXBlIjoicmVmcmVzaCIsImV4cCI6MTc4NDM2NDQwOSwiaWF0IjoxNzgzNzU5NjA5LCJqdGkiOiJmZDIxYmJkN2E3NTM0ZGZhYWIzYjdjNDA1ZmExZDQzZiIsInVzZXJfaWQiOiIxIn0.R0631jCZdBBLkHHBdasLkkdufcRRyJ9sV8E3SSpqhVk",
    "created_at": "2026-07-11T08:46:49.605Z",
    "expires_at": "2026-07-18T08:46:49Z"
  }
},
{
  "model": "token_blacklist.outstandingtoken",
  "pk": 39,
  "fields": {
    "user": [
      "ahmedabadeventhub@gmail.com"
    ],
    "jti": "2cce95716400427b9a5386d0ed6727c4",
    "token": "eyJhbGciOiJIUzI1NiIsInR5cCI6IkpXVCJ9.eyJ0b2tlbl90eXBlIjoicmVmcmVzaCIsImV4cCI6MTc4NDM2NDQxMCwiaWF0IjoxNzgzNzU5NjEwLCJqdGkiOiIyY2NlOTU3MTY0MDA0MjdiOWE1Mzg2ZDBlZDY3MjdjNCIsInVzZXJfaWQiOiIxIn0.AUtaXSMZO52F0stdrQY67G_Ki2aGeTJ82kdOnjgNa_k",
    "created_at": "2026-07-11T08:46:50.755Z",
    "expires_at": "2026-07-18T08:46:50Z"
  }
},
{
  "model": "token_blacklist.outstandingtoken",
  "pk": 40,
  "fields": {
    "user": [
      "ahmedabadeventhub@gmail.com"
    ],
    "jti": "76160ee2f7b546548ee79375b315ad0d",
    "token": "eyJhbGciOiJIUzI1NiIsInR5cCI6IkpXVCJ9.eyJ0b2tlbl90eXBlIjoicmVmcmVzaCIsImV4cCI6MTc4NDM2NDg5OCwiaWF0IjoxNzgzNzYwMDk4LCJqdGkiOiI3NjE2MGVlMmY3YjU0NjU0OGVlNzkzNzViMzE1YWQwZCIsInVzZXJfaWQiOiIxIn0.SGEyTQMWIr9T4DmEgTwYYu6cXxrYfOQjBILC6AGArE4",
    "created_at": "2026-07-11T08:54:58.541Z",
    "expires_at": "2026-07-18T08:54:58Z"
  }
},
{
  "model": "token_blacklist.outstandingtoken",
  "pk": 41,
  "fields": {
    "user": [
      "ahmedabadeventhub@gmail.com"
    ],
    "jti": "764d5802355e441e9ac746a110fccba4",
    "token": "eyJhbGciOiJIUzI1NiIsInR5cCI6IkpXVCJ9.eyJ0b2tlbl90eXBlIjoicmVmcmVzaCIsImV4cCI6MTc4NDM2NDg5OSwiaWF0IjoxNzgzNzYwMDk5LCJqdGkiOiI3NjRkNTgwMjM1NWU0NDFlOWFjNzQ2YTExMGZjY2JhNCIsInVzZXJfaWQiOiIxIn0.i4gHa3KESqgyHNxczcH_TZOVEzVyjc4ArcKq4j0HRbQ",
    "created_at": "2026-07-11T08:54:59.426Z",
    "expires_at": "2026-07-18T08:54:59Z"
  }
},
{
  "model": "token_blacklist.outstandingtoken",
  "pk": 42,
  "fields": {
    "user": [
      "ahmedabadeventhub@gmail.com"
    ],
    "jti": "0118090dd682470492f13a62ea30a35b",
    "token": "eyJhbGciOiJIUzI1NiIsInR5cCI6IkpXVCJ9.eyJ0b2tlbl90eXBlIjoicmVmcmVzaCIsImV4cCI6MTc4NDM2NjA0OCwiaWF0IjoxNzgzNzYxMjQ4LCJqdGkiOiIwMTE4MDkwZGQ2ODI0NzA0OTJmMTNhNjJlYTMwYTM1YiIsInVzZXJfaWQiOiIxIiwiZW1haWwiOiJhaG1lZGFiYWRldmVudGh1YkBnbWFpbC5jb20iLCJyb2xlIjoiYWRtaW4iLCJmaXJzdF9uYW1lIjoiQWRtaW4iLCJsYXN0X25hbWUiOiJFdmVudEh1YiJ9.RmgpqtZeLZv1kAlyWFGVFqzn1SwXZJiSVtDRUM6v9to",
    "created_at": "2026-07-11T09:14:08.467Z",
    "expires_at": "2026-07-18T09:14:08Z"
  }
},
{
  "model": "token_blacklist.outstandingtoken",
  "pk": 43,
  "fields": {
    "user": [
      "ahmedabadeventhub@gmail.com"
    ],
    "jti": "0026e748c4c2422ca8d6c81807a8143c",
    "token": "eyJhbGciOiJIUzI1NiIsInR5cCI6IkpXVCJ9.eyJ0b2tlbl90eXBlIjoicmVmcmVzaCIsImV4cCI6MTc4NDM2NjA0OCwiaWF0IjoxNzgzNzYxMjQ4LCJqdGkiOiIwMDI2ZTc0OGM0YzI0MjJjYThkNmM4MTgwN2E4MTQzYyIsInVzZXJfaWQiOiIxIiwiZW1haWwiOiJhaG1lZGFiYWRldmVudGh1YkBnbWFpbC5jb20iLCJyb2xlIjoiYWRtaW4iLCJmaXJzdF9uYW1lIjoiQWRtaW4iLCJsYXN0X25hbWUiOiJFdmVudEh1YiJ9.4geaayzMLnfh4GSDYNxF_hEbhXNsrVkeOtbX_F0PwIA",
    "created_at": "2026-07-11T09:14:08.501Z",
    "expires_at": "2026-07-18T09:14:08Z"
  }
},
{
  "model": "token_blacklist.outstandingtoken",
  "pk": 44,
  "fields": {
    "user": [
      "ahmedabadeventhub@gmail.com"
    ],
    "jti": "dc079f0588d74f10a654e09a575ffee9",
    "token": "eyJhbGciOiJIUzI1NiIsInR5cCI6IkpXVCJ9.eyJ0b2tlbl90eXBlIjoicmVmcmVzaCIsImV4cCI6MTc4NDM2NjEyMywiaWF0IjoxNzgzNzYxMzIzLCJqdGkiOiJkYzA3OWYwNTg4ZDc0ZjEwYTY1NGUwOWE1NzVmZmVlOSIsInVzZXJfaWQiOiIxIn0.Wenkb5qatGp60EKAnx35l_QYyexjG9usRDB0ztJv1DQ",
    "created_at": "2026-07-11T09:15:23.766Z",
    "expires_at": "2026-07-18T09:15:23Z"
  }
},
{
  "model": "token_blacklist.outstandingtoken",
  "pk": 45,
  "fields": {
    "user": [
      "ahmedabadeventhub@gmail.com"
    ],
    "jti": "37eb591da15c4cc9bd2000c37f937ae4",
    "token": "eyJhbGciOiJIUzI1NiIsInR5cCI6IkpXVCJ9.eyJ0b2tlbl90eXBlIjoicmVmcmVzaCIsImV4cCI6MTc4NDM2NjEyNCwiaWF0IjoxNzgzNzYxMzI0LCJqdGkiOiIzN2ViNTkxZGExNWM0Y2M5YmQyMDAwYzM3ZjkzN2FlNCIsInVzZXJfaWQiOiIxIn0.mSu7OOTyqazA3GHZoHkOMesPe-rJi3G5zzXErTor270",
    "created_at": "2026-07-11T09:15:24.274Z",
    "expires_at": "2026-07-18T09:15:24Z"
  }
},
{
  "model": "token_blacklist.outstandingtoken",
  "pk": 46,
  "fields": {
    "user": [
      "ljce2028@gmail.com"
    ],
    "jti": "644290ba909f4ed3a127582158500f2f",
    "token": "eyJhbGciOiJIUzI1NiIsInR5cCI6IkpXVCJ9.eyJ0b2tlbl90eXBlIjoicmVmcmVzaCIsImV4cCI6MTc4NDM2NjU0MSwiaWF0IjoxNzgzNzYxNzQxLCJqdGkiOiI2NDQyOTBiYTkwOWY0ZWQzYTEyNzU4MjE1ODUwMGYyZiIsInVzZXJfaWQiOiI0IiwiZW1haWwiOiJsamNlMjAyOEBnbWFpbC5jb20iLCJyb2xlIjoiY3VzdG9tZXIiLCJmaXJzdF9uYW1lIjoiU3VqYWwiLCJsYXN0X25hbWUiOiJQYXRlbCJ9.JSJX5ocYw4Te4tVBX1uCEuRbqCuXOSfmBYFU3O3Wocs",
    "created_at": "2026-07-11T09:22:21.549Z",
    "expires_at": "2026-07-18T09:22:21Z"
  }
},
{
  "model": "token_blacklist.outstandingtoken",
  "pk": 47,
  "fields": {
    "user": [
      "ljce2028@gmail.com"
    ],
    "jti": "d997b771cca34decb446775e4c3b7929",
    "token": "eyJhbGciOiJIUzI1NiIsInR5cCI6IkpXVCJ9.eyJ0b2tlbl90eXBlIjoicmVmcmVzaCIsImV4cCI6MTc4NDM2NjU1OSwiaWF0IjoxNzgzNzYxNzU5LCJqdGkiOiJkOTk3Yjc3MWNjYTM0ZGVjYjQ0Njc3NWU0YzNiNzkyOSIsInVzZXJfaWQiOiI0In0.fjL47L-Uci0_FALpNYM214HFwJ-3gOii3EW7t-hSSPQ",
    "created_at": "2026-07-11T09:22:39.940Z",
    "expires_at": "2026-07-18T09:22:39Z"
  }
},
{
  "model": "token_blacklist.outstandingtoken",
  "pk": 48,
  "fields": {
    "user": [
      "ljce2028@gmail.com"
    ],
    "jti": "37a5a91f8a5c41cd90270334d56487cd",
    "token": "eyJhbGciOiJIUzI1NiIsInR5cCI6IkpXVCJ9.eyJ0b2tlbl90eXBlIjoicmVmcmVzaCIsImV4cCI6MTc4NDM2NjU2MCwiaWF0IjoxNzgzNzYxNzYwLCJqdGkiOiIzN2E1YTkxZjhhNWM0MWNkOTAyNzAzMzRkNTY0ODdjZCIsInVzZXJfaWQiOiI0In0.xTuTFGMQwDFWOA4NqP1NPmo-jB-A6nBTjDvBcETQZy0",
    "created_at": "2026-07-11T09:22:40.844Z",
    "expires_at": "2026-07-18T09:22:40Z"
  }
},
{
  "model": "token_blacklist.outstandingtoken",
  "pk": 49,
  "fields": {
    "user": [
      "ahmedabadeventhub@gmail.com"
    ],
    "jti": "c222d20cd287489a84a5688d3bfe9659",
    "token": "eyJhbGciOiJIUzI1NiIsInR5cCI6IkpXVCJ9.eyJ0b2tlbl90eXBlIjoicmVmcmVzaCIsImV4cCI6MTc4NDM2NzIzOCwiaWF0IjoxNzgzNzYyNDM4LCJqdGkiOiJjMjIyZDIwY2QyODc0ODlhODRhNTY4OGQzYmZlOTY1OSIsInVzZXJfaWQiOiIxIiwiZW1haWwiOiJhaG1lZGFiYWRldmVudGh1YkBnbWFpbC5jb20iLCJyb2xlIjoiYWRtaW4iLCJmaXJzdF9uYW1lIjoiQWRtaW4iLCJsYXN0X25hbWUiOiJFdmVudEh1YiJ9.5Wnlg4xb00PJEyemSI5hKF6c9eN1MHwstTXzevMRT5c",
    "created_at": "2026-07-11T09:33:58.897Z",
    "expires_at": "2026-07-18T09:33:58Z"
  }
},
{
  "model": "token_blacklist.outstandingtoken",
  "pk": 50,
  "fields": {
    "user": [
      "ahmedabadeventhub@gmail.com"
    ],
    "jti": "584a10dc293a47d780586b09f22c655d",
    "token": "eyJhbGciOiJIUzI1NiIsInR5cCI6IkpXVCJ9.eyJ0b2tlbl90eXBlIjoicmVmcmVzaCIsImV4cCI6MTc4NDM2NzIzOCwiaWF0IjoxNzgzNzYyNDM4LCJqdGkiOiI1ODRhMTBkYzI5M2E0N2Q3ODA1ODZiMDlmMjJjNjU1ZCIsInVzZXJfaWQiOiIxIiwiZW1haWwiOiJhaG1lZGFiYWRldmVudGh1YkBnbWFpbC5jb20iLCJyb2xlIjoiYWRtaW4iLCJmaXJzdF9uYW1lIjoiQWRtaW4iLCJsYXN0X25hbWUiOiJFdmVudEh1YiJ9.N7VkkmHV-I-6_6wBEGPQf5um02LZtj5v5vVGkGylhs4",
    "created_at": "2026-07-11T09:33:58.901Z",
    "expires_at": "2026-07-18T09:33:58Z"
  }
},
{
  "model": "token_blacklist.outstandingtoken",
  "pk": 51,
  "fields": {
    "user": [
      "ahmedabadeventhub@gmail.com"
    ],
    "jti": "8e59bd3afe4c4d9db4e1732249665225",
    "token": "eyJhbGciOiJIUzI1NiIsInR5cCI6IkpXVCJ9.eyJ0b2tlbl90eXBlIjoicmVmcmVzaCIsImV4cCI6MTc4NDM2NzQ2NiwiaWF0IjoxNzgzNzYyNjY2LCJqdGkiOiI4ZTU5YmQzYWZlNGM0ZDlkYjRlMTczMjI0OTY2NTIyNSIsInVzZXJfaWQiOiIxIn0.pA7PdEFnA1DlUKN5q_KLGMKBjZ6VCxp4ISobt6aE82E",
    "created_at": "2026-07-11T09:37:46.279Z",
    "expires_at": "2026-07-18T09:37:46Z"
  }
},
{
  "model": "token_blacklist.outstandingtoken",
  "pk": 52,
  "fields": {
    "user": [
      "ahmedabadeventhub@gmail.com"
    ],
    "jti": "99c4c80d655f41ac9e1aaebb14a0e153",
    "token": "eyJhbGciOiJIUzI1NiIsInR5cCI6IkpXVCJ9.eyJ0b2tlbl90eXBlIjoicmVmcmVzaCIsImV4cCI6MTc4NDM2NzQ2NywiaWF0IjoxNzgzNzYyNjY3LCJqdGkiOiI5OWM0YzgwZDY1NWY0MWFjOWUxYWFlYmIxNGEwZTE1MyIsInVzZXJfaWQiOiIxIn0.MmNXMQM6bVyb6jzsXL0yUs7cxXI4wTXGs81KrIFmZ1U",
    "created_at": "2026-07-11T09:37:47.044Z",
    "expires_at": "2026-07-18T09:37:47Z"
  }
},
{
  "model": "token_blacklist.outstandingtoken",
  "pk": 53,
  "fields": {
    "user": [
      "ljce2028@gmail.com"
    ],
    "jti": "be9d92092e2743e789c5419f90dfa9cb",
    "token": "eyJhbGciOiJIUzI1NiIsInR5cCI6IkpXVCJ9.eyJ0b2tlbl90eXBlIjoicmVmcmVzaCIsImV4cCI6MTc4NDM2NzQ3MSwiaWF0IjoxNzgzNzYyNjcxLCJqdGkiOiJiZTlkOTIwOTJlMjc0M2U3ODljNTQxOWY5MGRmYTljYiIsInVzZXJfaWQiOiI0IiwiZW1haWwiOiJsamNlMjAyOEBnbWFpbC5jb20iLCJyb2xlIjoiY3VzdG9tZXIiLCJmaXJzdF9uYW1lIjoiU3VqYWwiLCJsYXN0X25hbWUiOiJQYXRlbCJ9.yqxhFsiOlCbcAiAVj9PnzznAIpoetmzEjjfheGFUHu0",
    "created_at": "2026-07-11T09:37:51.124Z",
    "expires_at": "2026-07-18T09:37:51Z"
  }
},
{
  "model": "token_blacklist.outstandingtoken",
  "pk": 54,
  "fields": {
    "user": [
      "ljce2028@gmail.com"
    ],
    "jti": "0fa761c73a204e91b9e44c399435256a",
    "token": "eyJhbGciOiJIUzI1NiIsInR5cCI6IkpXVCJ9.eyJ0b2tlbl90eXBlIjoicmVmcmVzaCIsImV4cCI6MTc4NDM2ODQ0NiwiaWF0IjoxNzgzNzYzNjQ2LCJqdGkiOiIwZmE3NjFjNzNhMjA0ZTkxYjllNDRjMzk5NDM1MjU2YSIsInVzZXJfaWQiOiI0In0.HVRvGZ0JIWTBzAMLSv94_BCgtifDlBSArnkDitRQLAs",
    "created_at": "2026-07-11T09:54:06.247Z",
    "expires_at": "2026-07-18T09:54:06Z"
  }
},
{
  "model": "token_blacklist.outstandingtoken",
  "pk": 55,
  "fields": {
    "user": [
      "ljce2028@gmail.com"
    ],
    "jti": "763f57c54e554cb78b0b3548c446770a",
    "token": "eyJhbGciOiJIUzI1NiIsInR5cCI6IkpXVCJ9.eyJ0b2tlbl90eXBlIjoicmVmcmVzaCIsImV4cCI6MTc4NDM2ODQ0NywiaWF0IjoxNzgzNzYzNjQ3LCJqdGkiOiI3NjNmNTdjNTRlNTU0Y2I3OGIwYjM1NDhjNDQ2NzcwYSIsInVzZXJfaWQiOiI0In0.wef1V83WvufejoHTFwuvs_EYs6Aa80R1JrUutHD2L5c",
    "created_at": "2026-07-11T09:54:07.051Z",
    "expires_at": "2026-07-18T09:54:07Z"
  }
},
{
  "model": "token_blacklist.outstandingtoken",
  "pk": 56,
  "fields": {
    "user": [
      "jalppatel4950@gmail.com"
    ],
    "jti": "04f389a63080497791b903e0fe165914",
    "token": "eyJhbGciOiJIUzI1NiIsInR5cCI6IkpXVCJ9.eyJ0b2tlbl90eXBlIjoicmVmcmVzaCIsImV4cCI6MTc4NDM3MTQ1NSwiaWF0IjoxNzgzNzY2NjU1LCJqdGkiOiIwNGYzODlhNjMwODA0OTc3OTFiOTAzZTBmZTE2NTkxNCIsInVzZXJfaWQiOiIyIn0._1EQmZRzFB3imW2T6GetsJh5umrnw0gsUBtDtcXHz8w",
    "created_at": "2026-07-11T10:44:15.774Z",
    "expires_at": "2026-07-18T10:44:15Z"
  }
},
{
  "model": "token_blacklist.outstandingtoken",
  "pk": 57,
  "fields": {
    "user": [
      "jalppatel4950@gmail.com"
    ],
    "jti": "8cb5c324522b40d9af89ae58fd5968b6",
    "token": "eyJhbGciOiJIUzI1NiIsInR5cCI6IkpXVCJ9.eyJ0b2tlbl90eXBlIjoicmVmcmVzaCIsImV4cCI6MTc4NDM3MTQ1NiwiaWF0IjoxNzgzNzY2NjU2LCJqdGkiOiI4Y2I1YzMyNDUyMmI0MGQ5YWY4OWFlNThmZDU5NjhiNiIsInVzZXJfaWQiOiIyIn0.Q6nyZTZi5kkdJcfnb69NUpyIp8sjqBVgU_hCS6BLrPg",
    "created_at": "2026-07-11T10:44:16.909Z",
    "expires_at": "2026-07-18T10:44:16Z"
  }
}
]
